"category","group","measure","year","value"
"All","All","per capita annuity",2015,-0.0011648212618151
"Age","62-69","per capita annuity",2015,-0.000937287850283753
"Age","70-74","per capita annuity",2015,-0.00177755609680222
"Age","75-79","per capita annuity",2015,-0.00155196075672639
"Age","80-84","per capita annuity",2015,-0.0011751448825246
"Age","85+","per capita annuity",2015,-0.000347263140735835
"Sex","Female","per capita annuity",2015,-0.00111366540946129
"Sex","Male","per capita annuity",2015,-0.00121651990200683
"Education","1.High School Dropout","per capita annuity",2015,-0.0013922693041113
"Education","2.High School Graduate","per capita annuity",2015,-0.00151008503528896
"Education","3.Some College","per capita annuity",2015,-0.001059249811101
"Education","4.College Graduate","per capita annuity",2015,-0.000978298616207415
"Race Ethnicity","1.White","per capita annuity",2015,-0.00115341983904866
"Race Ethnicity","2.Black","per capita annuity",2015,-0.00155961229922164
"Race Ethnicity","3.Hispanic","per capita annuity",2015,-0.00138273661537154
"Race Ethnicity","4.Other","per capita annuity",2015,-0.000659620715660247
"Marital Status","Married","per capita annuity",2015,-0.00119152988139868
"Marital Status","Widowed","per capita annuity",2015,-0.00117591860227884
"Marital Status","Divorced","per capita annuity",2015,-0.000930332431575038
"Marital Status","Single","per capita annuity",2015,-0.00142130116985671
"Shared Work Years","0-9","per capita annuity",2015,-0.0000485808564608161
"Shared Work Years","10-14","per capita annuity",2015,-0.000159745220027442
"Shared Work Years","15-19","per capita annuity",2015,-0.000660299988353279
"Shared Work Years","20-24","per capita annuity",2015,-0.0012232212277724
"Shared Work Years","25-29","per capita annuity",2015,-0.000801626733817066
"Shared Work Years","30-34","per capita annuity",2015,-0.00109533162410537
"Shared Work Years","35-39","per capita annuity",2015,-0.00116220465825679
"Shared Work Years","40+","per capita annuity",2015,-0.00127036652077497
"Own Work Years","0-9","per capita annuity",2015,-0.000479076115025816
"Own Work Years","10-14","per capita annuity",2015,-0.00110022624321321
"Own Work Years","15-19","per capita annuity",2015,-0.000870799339025344
"Own Work Years","20-24","per capita annuity",2015,-0.000972671825371166
"Own Work Years","25-29","per capita annuity",2015,-0.000881096773089079
"Own Work Years","30-34","per capita annuity",2015,-0.00122310705374809
"Own Work Years","35-39","per capita annuity",2015,-0.000820464015113024
"Own Work Years","40+","per capita annuity",2015,-0.00130193184233994
"Shared Income Quintile","bottom quintile","per capita annuity",2015,-0.000986135054697379
"Shared Income Quintile","2nd quintile","per capita annuity",2015,-0.00198328566365278
"Shared Income Quintile","3rd quintile","per capita annuity",2015,-0.00153158022722819
"Shared Income Quintile","4th quintile","per capita annuity",2015,-0.0014470238062806
"Shared Income Quintile","top quintile","per capita annuity",2015,-0.000812146152798092
"Shared Lifetime Earnings Quintile","bottom quintile","per capita annuity",2015,-0.000715336312722772
"Shared Lifetime Earnings Quintile","2nd quintile","per capita annuity",2015,-0.00123932104419829
"Shared Lifetime Earnings Quintile","3rd quintile","per capita annuity",2015,-0.00136206174537253
"Shared Lifetime Earnings Quintile","4th quintile","per capita annuity",2015,-0.00129487800894255
"Shared Lifetime Earnings Quintile","top quintile","per capita annuity",2015,-0.00106993630661618
"Homeownership","Home Owner","per capita annuity",2015,-0.00117216342221925
"Homeownership","Renter","per capita annuity",2015,-0.00109895160523357
"Family Income Relative to Official Poverty","1.Less 100% of Poverty","per capita annuity",2015,-0.000250532733451888
"Family Income Relative to Official Poverty","2.100-199% of Poverty","per capita annuity",2015,-0.000391755518596628
"Family Income Relative to Official Poverty","3.200-399% of Poverty","per capita annuity",2015,0.00102778181228675
"Family Income Relative to Official Poverty","4.400%+ of Poverty","per capita annuity",2015,-0.000264216930975849
"Per Capita Retirement Account Assets ($2015)","<0k","per capita annuity",2015,-0.0015095411526634
"Per Capita Retirement Account Assets ($2015)","0k -  5k","per capita annuity",2015,-0.00172397770702322
"Per Capita Retirement Account Assets ($2015)","5k - 25k","per capita annuity",2015,-0.00139986053686942
"Per Capita Retirement Account Assets ($2015)","25k +","per capita annuity",2015,-0.00102251753435522
"Per Capita Financial Assets ($2015)","<0k","per capita annuity",2015,-0.000938675359954154
"Per Capita Financial Assets ($2015)","0k -  5k","per capita annuity",2015,-0.0015872531290136
"Per Capita Financial Assets ($2015)","5k - 25k","per capita annuity",2015,-0.0013965200879617
"Per Capita Financial Assets ($2015)","25k +","per capita annuity",2015,-0.00109897775589385
"Per Capita Financial + Retirement Account Assets ($2015)","<0k","per capita annuity",2015,-0.000987335269684186
"Per Capita Financial + Retirement Account Assets ($2015)","0k -  5k","per capita annuity",2015,-0.00182620954794322
"Per Capita Financial + Retirement Account Assets ($2015)","5k - 25k","per capita annuity",2015,-0.00172067105724455
"Per Capita Financial + Retirement Account Assets ($2015)","25k +","per capita annuity",2015,-0.00111045476865215
"All","All","per capita cash",2015,-0.00186602087120163
"Age","62-69","per capita cash",2015,-0.00152007911796962
"Age","70-74","per capita cash",2015,-0.00251263631428583
"Age","75-79","per capita cash",2015,-0.00260303876270213
"Age","80-84","per capita cash",2015,-0.00212577562258014
"Age","85+","per capita cash",2015,-0.000690473679162482
"Sex","Female","per capita cash",2015,-0.0018063330516512
"Sex","Male","per capita cash",2015,-0.00192966124072441
"Education","1.High School Dropout","per capita cash",2015,-0.00210846046320702
"Education","2.High School Graduate","per capita cash",2015,-0.00232973702259452
"Education","3.Some College","per capita cash",2015,-0.00165453080965351
"Education","4.College Graduate","per capita cash",2015,-0.0016145478086126
"Race Ethnicity","1.White","per capita cash",2015,-0.00192176758326563
"Race Ethnicity","2.Black","per capita cash",2015,-0.0017816826655393
"Race Ethnicity","3.Hispanic","per capita cash",2015,-0.00176302837593671
"Race Ethnicity","4.Other","per capita cash",2015,-0.000972745204397647
"Marital Status","Married","per capita cash",2015,-0.0018861462128993
"Marital Status","Widowed","per capita cash",2015,-0.00193605890865941
"Marital Status","Divorced","per capita cash",2015,-0.00151885519972915
"Marital Status","Single","per capita cash",2015,-0.00221141628092489
"Shared Work Years","0-9","per capita cash",2015,-0.0000592687867639131
"Shared Work Years","10-14","per capita cash",2015,-0.000253135176889644
"Shared Work Years","15-19","per capita cash",2015,-0.00104976652260392
"Shared Work Years","20-24","per capita cash",2015,-0.00157446126905377
"Shared Work Years","25-29","per capita cash",2015,-0.00158310767803432
"Shared Work Years","30-34","per capita cash",2015,-0.00138388357027527
"Shared Work Years","35-39","per capita cash",2015,-0.00153291580273273
"Shared Work Years","40+","per capita cash",2015,-0.00218567590614364
"Own Work Years","0-9","per capita cash",2015,-0.000762100270621296
"Own Work Years","10-14","per capita cash",2015,-0.00148669565382424
"Own Work Years","15-19","per capita cash",2015,-0.00166405300363576
"Own Work Years","20-24","per capita cash",2015,-0.00145057878208399
"Own Work Years","25-29","per capita cash",2015,-0.000928532575993611
"Own Work Years","30-34","per capita cash",2015,-0.0022664959415563
"Own Work Years","35-39","per capita cash",2015,-0.00150899235034902
"Own Work Years","40+","per capita cash",2015,-0.00204860480335415
"Shared Income Quintile","bottom quintile","per capita cash",2015,-0.000771881055981714
"Shared Income Quintile","2nd quintile","per capita cash",2015,-0.00282547452880952
"Shared Income Quintile","3rd quintile","per capita cash",2015,-0.00190402482232032
"Shared Income Quintile","4th quintile","per capita cash",2015,-0.00272299700259444
"Shared Income Quintile","top quintile","per capita cash",2015,-0.00126110044648622
"Shared Lifetime Earnings Quintile","bottom quintile","per capita cash",2015,-0.000859609764061808
"Shared Lifetime Earnings Quintile","2nd quintile","per capita cash",2015,-0.00190142818401839
"Shared Lifetime Earnings Quintile","3rd quintile","per capita cash",2015,-0.00218928988259451
"Shared Lifetime Earnings Quintile","4th quintile","per capita cash",2015,-0.00193864551276914
"Shared Lifetime Earnings Quintile","top quintile","per capita cash",2015,-0.00185696718856482
"Homeownership","Home Owner","per capita cash",2015,-0.00191990555271997
"Homeownership","Renter","per capita cash",2015,-0.00143790955109573
"Family Income Relative to Official Poverty","1.Less 100% of Poverty","per capita cash",2015,0.000163757979103888
"Family Income Relative to Official Poverty","2.100-199% of Poverty","per capita cash",2015,-0.000358393222957312
"Family Income Relative to Official Poverty","3.200-399% of Poverty","per capita cash",2015,-0.00045191762112653
"Family Income Relative to Official Poverty","4.400%+ of Poverty","per capita cash",2015,-0.00076838324019825
"Per Capita Retirement Account Assets ($2015)","<0k","per capita cash",2015,-0.00211648265778836
"Per Capita Retirement Account Assets ($2015)","0k -  5k","per capita cash",2015,-0.00235947841447255
"Per Capita Retirement Account Assets ($2015)","5k - 25k","per capita cash",2015,-0.00200005825828296
"Per Capita Retirement Account Assets ($2015)","25k +","per capita cash",2015,-0.00174935200596741
"Per Capita Financial Assets ($2015)","<0k","per capita cash",2015,-0.00149985121493722
"Per Capita Financial Assets ($2015)","0k -  5k","per capita cash",2015,-0.00177344853618823
"Per Capita Financial Assets ($2015)","5k - 25k","per capita cash",2015,-0.0015760849287944
"Per Capita Financial Assets ($2015)","25k +","per capita cash",2015,-0.00196411832950473
"Per Capita Financial + Retirement Account Assets ($2015)","<0k","per capita cash",2015,-0.00161416703611464
"Per Capita Financial + Retirement Account Assets ($2015)","0k -  5k","per capita cash",2015,-0.00203622150522171
"Per Capita Financial + Retirement Account Assets ($2015)","5k - 25k","per capita cash",2015,-0.00187954950260394
"Per Capita Financial + Retirement Account Assets ($2015)","25k +","per capita cash",2015,-0.00186443169337142
"All","All","net per capita annuity",2015,-0.00100623697348321
"Age","62-69","net per capita annuity",2015,-0.000838905332981184
"Age","70-74","net per capita annuity",2015,-0.00150790879244416
"Age","75-79","net per capita annuity",2015,-0.00130685260641255
"Age","80-84","net per capita annuity",2015,-0.000991905162366312
"Age","85+","net per capita annuity",2015,-0.000290831665653941
"Sex","Female","net per capita annuity",2015,-0.000976330614812479
"Sex","Male","net per capita annuity",2015,-0.00103648679741754
"Education","1.High School Dropout","net per capita annuity",2015,-0.00146330995289017
"Education","2.High School Graduate","net per capita annuity",2015,-0.00137326643640813
"Education","3.Some College","net per capita annuity",2015,-0.000952292189778613
"Education","4.College Graduate","net per capita annuity",2015,-0.000740168447964735
"Race Ethnicity","1.White","net per capita annuity",2015,-0.000968613679357313
"Race Ethnicity","2.Black","net per capita annuity",2015,-0.00155827649727697
"Race Ethnicity","3.Hispanic","net per capita annuity",2015,-0.00145062554210881
"Race Ethnicity","4.Other","net per capita annuity",2015,-0.000617966260733087
"Marital Status","Married","net per capita annuity",2015,-0.0010816446667106
"Marital Status","Widowed","net per capita annuity",2015,-0.000985948720837527
"Marital Status","Divorced","net per capita annuity",2015,-0.000620492908241688
"Marital Status","Single","net per capita annuity",2015,-0.00125395302405786
"Shared Work Years","0-9","net per capita annuity",2015,-0.0000635387763351707
"Shared Work Years","10-14","net per capita annuity",2015,-0.000176816106740148
"Shared Work Years","15-19","net per capita annuity",2015,-0.000662179488598418
"Shared Work Years","20-24","net per capita annuity",2015,-0.0011434863695872
"Shared Work Years","25-29","net per capita annuity",2015,-0.000790438512736932
"Shared Work Years","30-34","net per capita annuity",2015,-0.000955079326048345
"Shared Work Years","35-39","net per capita annuity",2015,-0.00117570233732506
"Shared Work Years","40+","net per capita annuity",2015,-0.00102410119017204
"Own Work Years","0-9","net per capita annuity",2015,-0.000489718181129264
"Own Work Years","10-14","net per capita annuity",2015,-0.00110251731451804
"Own Work Years","15-19","net per capita annuity",2015,-0.000809289395023975
"Own Work Years","20-24","net per capita annuity",2015,-0.00084338295348483
"Own Work Years","25-29","net per capita annuity",2015,-0.000932153518712122
"Own Work Years","30-34","net per capita annuity",2015,-0.00119150188817644
"Own Work Years","35-39","net per capita annuity",2015,-0.000709103011971082
"Own Work Years","40+","net per capita annuity",2015,-0.00108585317936225
"Shared Income Quintile","bottom quintile","net per capita annuity",2015,-0.00113160017194967
"Shared Income Quintile","2nd quintile","net per capita annuity",2015,-0.00206561745607833
"Shared Income Quintile","3rd quintile","net per capita annuity",2015,-0.00141863872859789
"Shared Income Quintile","4th quintile","net per capita annuity",2015,-0.000967043168092684
"Shared Income Quintile","top quintile","net per capita annuity",2015,-0.000694974741252693
"Shared Lifetime Earnings Quintile","bottom quintile","net per capita annuity",2015,-0.000781234802910131
"Shared Lifetime Earnings Quintile","2nd quintile","net per capita annuity",2015,-0.00123544860944181
"Shared Lifetime Earnings Quintile","3rd quintile","net per capita annuity",2015,-0.00128253077661643
"Shared Lifetime Earnings Quintile","4th quintile","net per capita annuity",2015,-0.00114557998441313
"Shared Lifetime Earnings Quintile","top quintile","net per capita annuity",2015,-0.000793804559334873
"Homeownership","Home Owner","net per capita annuity",2015,-0.00100390295839109
"Homeownership","Renter","net per capita annuity",2015,-0.00102700438392226
"Family Income Relative to Official Poverty","1.Less 100% of Poverty","net per capita annuity",2015,-0.000121034389263159
"Family Income Relative to Official Poverty","2.100-199% of Poverty","net per capita annuity",2015,-0.000438572121675775
"Family Income Relative to Official Poverty","3.200-399% of Poverty","net per capita annuity",2015,0.00113424388352763
"Family Income Relative to Official Poverty","4.400%+ of Poverty","net per capita annuity",2015,-0.000152860611410751
"Per Capita Retirement Account Assets ($2015)","<0k","net per capita annuity",2015,-0.00146101175151004
"Per Capita Retirement Account Assets ($2015)","0k -  5k","net per capita annuity",2015,-0.00178894406396686
"Per Capita Retirement Account Assets ($2015)","5k - 25k","net per capita annuity",2015,-0.00135319745546173
"Per Capita Retirement Account Assets ($2015)","25k +","net per capita annuity",2015,-0.000807538098098803
"Per Capita Financial Assets ($2015)","<0k","net per capita annuity",2015,-0.00101952134611225
"Per Capita Financial Assets ($2015)","0k -  5k","net per capita annuity",2015,-0.00164710330735518
"Per Capita Financial Assets ($2015)","5k - 25k","net per capita annuity",2015,-0.00135706070911081
"Per Capita Financial Assets ($2015)","25k +","net per capita annuity",2015,-0.000899534387257626
"Per Capita Financial + Retirement Account Assets ($2015)","<0k","net per capita annuity",2015,-0.00107096651731075
"Per Capita Financial + Retirement Account Assets ($2015)","0k -  5k","net per capita annuity",2015,-0.00194388021240518
"Per Capita Financial + Retirement Account Assets ($2015)","5k - 25k","net per capita annuity",2015,-0.00179567395568825
"Per Capita Financial + Retirement Account Assets ($2015)","25k +","net per capita annuity",2015,-0.000924046559104872
"All","All","per capita annuity",2025,-0.00495094716322969
"Age","62-69","per capita annuity",2025,-0.00546327471857667
"Age","70-74","per capita annuity",2025,-0.00476075915056411
"Age","75-79","per capita annuity",2025,-0.00538181348206788
"Age","80-84","per capita annuity",2025,-0.00436720729482803
"Age","85+","per capita annuity",2025,-0.00313178105507922
"Sex","Female","per capita annuity",2025,-0.00450217790571514
"Sex","Male","per capita annuity",2025,-0.0054366172771223
"Education","1.High School Dropout","per capita annuity",2025,0.00323741040940015
"Education","2.High School Graduate","per capita annuity",2025,-0.00541399545991637
"Education","3.Some College","per capita annuity",2025,-0.00670096014622289
"Education","4.College Graduate","per capita annuity",2025,-0.00474670055062919
"Race Ethnicity","1.White","per capita annuity",2025,-0.00562207118521651
"Race Ethnicity","2.Black","per capita annuity",2025,-0.00339331282589927
"Race Ethnicity","3.Hispanic","per capita annuity",2025,-0.00000683100372587118
"Race Ethnicity","4.Other","per capita annuity",2025,-0.00162317502455857
"Marital Status","Married","per capita annuity",2025,-0.00680806913835143
"Marital Status","Widowed","per capita annuity",2025,-0.00428295114945505
"Marital Status","Divorced","per capita annuity",2025,-0.000985355668514153
"Marital Status","Single","per capita annuity",2025,0.000464343440030469
"Shared Work Years","0-9","per capita annuity",2025,0.00911038759560101
"Shared Work Years","10-14","per capita annuity",2025,0.024273987586984
"Shared Work Years","15-19","per capita annuity",2025,0.00829416662816267
"Shared Work Years","20-24","per capita annuity",2025,0.000200859962526989
"Shared Work Years","25-29","per capita annuity",2025,-0.00300959911840439
"Shared Work Years","30-34","per capita annuity",2025,-0.00515929703796076
"Shared Work Years","35-39","per capita annuity",2025,-0.00606519753238488
"Shared Work Years","40+","per capita annuity",2025,-0.0059129493156866
"Own Work Years","0-9","per capita annuity",2025,-0.00116916031760794
"Own Work Years","10-14","per capita annuity",2025,0.00627677000657493
"Own Work Years","15-19","per capita annuity",2025,0.00537394142236414
"Own Work Years","20-24","per capita annuity",2025,-0.000285953531745693
"Own Work Years","25-29","per capita annuity",2025,-0.0017228348889602
"Own Work Years","30-34","per capita annuity",2025,-0.00516793464252963
"Own Work Years","35-39","per capita annuity",2025,-0.00609554567920859
"Own Work Years","40+","per capita annuity",2025,-0.00593841541103609
"Shared Income Quintile","bottom quintile","per capita annuity",2025,0.0267007442636829
"Shared Income Quintile","2nd quintile","per capita annuity",2025,-0.0104492410592447
"Shared Income Quintile","3rd quintile","per capita annuity",2025,-0.010013714888361
"Shared Income Quintile","4th quintile","per capita annuity",2025,-0.00738299442088318
"Shared Income Quintile","top quintile","per capita annuity",2025,-0.0040475630804936
"Shared Lifetime Earnings Quintile","bottom quintile","per capita annuity",2025,0.0188609323996804
"Shared Lifetime Earnings Quintile","2nd quintile","per capita annuity",2025,-0.00759312758270065
"Shared Lifetime Earnings Quintile","3rd quintile","per capita annuity",2025,-0.00820695042294829
"Shared Lifetime Earnings Quintile","4th quintile","per capita annuity",2025,-0.00698948649468108
"Shared Lifetime Earnings Quintile","top quintile","per capita annuity",2025,-0.0050547064135902
"Homeownership","Home Owner","per capita annuity",2025,-0.00590320399269192
"Homeownership","Renter","per capita annuity",2025,0.00386779059875186
"Family Income Relative to Official Poverty","1.Less 100% of Poverty","per capita annuity",2025,0.0242639432968204
"Family Income Relative to Official Poverty","2.100-199% of Poverty","per capita annuity",2025,-0.00687581148005325
"Family Income Relative to Official Poverty","3.200-399% of Poverty","per capita annuity",2025,0.00284707254561127
"Family Income Relative to Official Poverty","4.400%+ of Poverty","per capita annuity",2025,0.000273738739664782
"Per Capita Retirement Account Assets ($2015)","<0k","per capita annuity",2025,-0.038438563211437
"Per Capita Retirement Account Assets ($2015)","0k -  5k","per capita annuity",2025,-0.107919011245216
"Per Capita Retirement Account Assets ($2015)","5k - 25k","per capita annuity",2025,-0.00665535182634054
"Per Capita Retirement Account Assets ($2015)","25k +","per capita annuity",2025,-0.00832505741159576
"Per Capita Financial Assets ($2015)","<0k","per capita annuity",2025,-0.0185487357153867
"Per Capita Financial Assets ($2015)","0k -  5k","per capita annuity",2025,-0.00740316967431561
"Per Capita Financial Assets ($2015)","5k - 25k","per capita annuity",2025,-0.00607368940106864
"Per Capita Financial Assets ($2015)","25k +","per capita annuity",2025,-0.00472419602667786
"Per Capita Financial + Retirement Account Assets ($2015)","<0k","per capita annuity",2025,-0.0429776424287639
"Per Capita Financial + Retirement Account Assets ($2015)","0k -  5k","per capita annuity",2025,-0.0282449594500051
"Per Capita Financial + Retirement Account Assets ($2015)","5k - 25k","per capita annuity",2025,-0.00889488373171682
"Per Capita Financial + Retirement Account Assets ($2015)","25k +","per capita annuity",2025,-0.00728523641810344
"All","All","per capita cash",2025,-0.00859274961003821
"Age","62-69","per capita cash",2025,-0.00970687546746078
"Age","70-74","per capita cash",2025,-0.00738398639974341
"Age","75-79","per capita cash",2025,-0.00824745663034513
"Age","80-84","per capita cash",2025,-0.00844644759494187
"Age","85+","per capita cash",2025,-0.00656198270864871
"Sex","Female","per capita cash",2025,-0.00763065063246067
"Sex","Male","per capita cash",2025,-0.0096936508984067
"Education","1.High School Dropout","per capita cash",2025,0.00424692708139684
"Education","2.High School Graduate","per capita cash",2025,-0.00816037016122333
"Education","3.Some College","per capita cash",2025,-0.0108835764244519
"Education","4.College Graduate","per capita cash",2025,-0.00934411171441895
"Race Ethnicity","1.White","per capita cash",2025,-0.00992782117900223
"Race Ethnicity","2.Black","per capita cash",2025,-0.00445805071250694
"Race Ethnicity","3.Hispanic","per capita cash",2025,-0.00136595194648779
"Race Ethnicity","4.Other","per capita cash",2025,-0.00365922197953492
"Marital Status","Married","per capita cash",2025,-0.0114366581077724
"Marital Status","Widowed","per capita cash",2025,-0.00779767049184913
"Marital Status","Divorced","per capita cash",2025,-0.0025546047568908
"Marital Status","Single","per capita cash",2025,-0.000381378900873465
"Shared Work Years","0-9","per capita cash",2025,0.00786743573486069
"Shared Work Years","10-14","per capita cash",2025,0.0318042563714194
"Shared Work Years","15-19","per capita cash",2025,0.0116215993107249
"Shared Work Years","20-24","per capita cash",2025,-0.000597651640757305
"Shared Work Years","25-29","per capita cash",2025,-0.00446845458430749
"Shared Work Years","30-34","per capita cash",2025,-0.00849943964838208
"Shared Work Years","35-39","per capita cash",2025,-0.0103921029043972
"Shared Work Years","40+","per capita cash",2025,-0.0102618673723342
"Own Work Years","0-9","per capita cash",2025,-0.00228679741956431
"Own Work Years","10-14","per capita cash",2025,0.00716722408788902
"Own Work Years","15-19","per capita cash",2025,0.00949358029437877
"Own Work Years","20-24","per capita cash",2025,-0.00152617976856409
"Own Work Years","25-29","per capita cash",2025,-0.00347275849321581
"Own Work Years","30-34","per capita cash",2025,-0.00842745162427107
"Own Work Years","35-39","per capita cash",2025,-0.00966416309501109
"Own Work Years","40+","per capita cash",2025,-0.0103216068692959
"Shared Income Quintile","bottom quintile","per capita cash",2025,0.0364952856025319
"Shared Income Quintile","2nd quintile","per capita cash",2025,-0.0163823889130735
"Shared Income Quintile","3rd quintile","per capita cash",2025,-0.0119386518503424
"Shared Income Quintile","4th quintile","per capita cash",2025,-0.0118396049586732
"Shared Income Quintile","top quintile","per capita cash",2025,-0.00864796044577908
"Shared Lifetime Earnings Quintile","bottom quintile","per capita cash",2025,0.0228369549195996
"Shared Lifetime Earnings Quintile","2nd quintile","per capita cash",2025,-0.0109532856280418
"Shared Lifetime Earnings Quintile","3rd quintile","per capita cash",2025,-0.0118537564376384
"Shared Lifetime Earnings Quintile","4th quintile","per capita cash",2025,-0.0109356993295081
"Shared Lifetime Earnings Quintile","top quintile","per capita cash",2025,-0.0104143393204908
"Homeownership","Home Owner","per capita cash",2025,-0.0102626320970828
"Homeownership","Renter","per capita cash",2025,0.004362981461932
"Family Income Relative to Official Poverty","1.Less 100% of Poverty","per capita cash",2025,0.0134806072699006
"Family Income Relative to Official Poverty","2.100-199% of Poverty","per capita cash",2025,-0.00943988441069345
"Family Income Relative to Official Poverty","3.200-399% of Poverty","per capita cash",2025,-0.00356500060866632
"Family Income Relative to Official Poverty","4.400%+ of Poverty","per capita cash",2025,-0.00324563349574181
"Per Capita Retirement Account Assets ($2015)","<0k","per capita cash",2025,-0.0554591951147584
"Per Capita Retirement Account Assets ($2015)","0k -  5k","per capita cash",2025,-0.0600029818693449
"Per Capita Retirement Account Assets ($2015)","5k - 25k","per capita cash",2025,0.00405418185430725
"Per Capita Retirement Account Assets ($2015)","25k +","per capita cash",2025,-0.0113016899830949
"Per Capita Financial Assets ($2015)","<0k","per capita cash",2025,-0.0202230932841948
"Per Capita Financial Assets ($2015)","0k -  5k","per capita cash",2025,-0.00638304559194744
"Per Capita Financial Assets ($2015)","5k - 25k","per capita cash",2025,-0.00767374309539862
"Per Capita Financial Assets ($2015)","25k +","per capita cash",2025,-0.00937139357768065
"Per Capita Financial + Retirement Account Assets ($2015)","<0k","per capita cash",2025,-0.0443529200670677
"Per Capita Financial + Retirement Account Assets ($2015)","0k -  5k","per capita cash",2025,-0.0263627082195949
"Per Capita Financial + Retirement Account Assets ($2015)","5k - 25k","per capita cash",2025,-0.00887291156737711
"Per Capita Financial + Retirement Account Assets ($2015)","25k +","per capita cash",2025,-0.0105493571269859
"All","All","net per capita annuity",2025,-0.00502130014437719
"Age","62-69","net per capita annuity",2025,-0.00578413941862562
"Age","70-74","net per capita annuity",2025,-0.00453180954231919
"Age","75-79","net per capita annuity",2025,-0.0055295476603173
"Age","80-84","net per capita annuity",2025,-0.00433209177163732
"Age","85+","net per capita annuity",2025,-0.00305929118283467
"Sex","Female","net per capita annuity",2025,-0.00461604441009851
"Sex","Male","net per capita annuity",2025,-0.00545585274304776
"Education","1.High School Dropout","net per capita annuity",2025,0.00395792017113509
"Education","2.High School Graduate","net per capita annuity",2025,-0.00544441121275247
"Education","3.Some College","net per capita annuity",2025,-0.00676421248102278
"Education","4.College Graduate","net per capita annuity",2025,-0.00490618449741689
"Race Ethnicity","1.White","net per capita annuity",2025,-0.00574183385313384
"Race Ethnicity","2.Black","net per capita annuity",2025,-0.00372135713859844
"Race Ethnicity","3.Hispanic","net per capita annuity",2025,0.00105695833561579
"Race Ethnicity","4.Other","net per capita annuity",2025,-0.00157227810480217
"Marital Status","Married","net per capita annuity",2025,-0.0070095059067433
"Marital Status","Widowed","net per capita annuity",2025,-0.00426904339096121
"Marital Status","Divorced","net per capita annuity",2025,-0.000678239015805023
"Marital Status","Single","net per capita annuity",2025,0.000540104179172025
"Shared Work Years","0-9","net per capita annuity",2025,0.0126917527465707
"Shared Work Years","10-14","net per capita annuity",2025,0.0290451544388715
"Shared Work Years","15-19","net per capita annuity",2025,0.00969347511344262
"Shared Work Years","20-24","net per capita annuity",2025,0.000497102755462242
"Shared Work Years","25-29","net per capita annuity",2025,-0.00299918649963018
"Shared Work Years","30-34","net per capita annuity",2025,-0.00512538739282146
"Shared Work Years","35-39","net per capita annuity",2025,-0.00633632194658971
"Shared Work Years","40+","net per capita annuity",2025,-0.00606464510910407
"Own Work Years","0-9","net per capita annuity",2025,-0.00129256551277303
"Own Work Years","10-14","net per capita annuity",2025,0.00762992667734967
"Own Work Years","15-19","net per capita annuity",2025,0.00605320591472712
"Own Work Years","20-24","net per capita annuity",2025,0.000137007325729866
"Own Work Years","25-29","net per capita annuity",2025,-0.00141050734277406
"Own Work Years","30-34","net per capita annuity",2025,-0.00516944787156543
"Own Work Years","35-39","net per capita annuity",2025,-0.00654213641543049
"Own Work Years","40+","net per capita annuity",2025,-0.00607976324683987
"Shared Income Quintile","bottom quintile","net per capita annuity",2025,0.0338490157103866
"Shared Income Quintile","2nd quintile","net per capita annuity",2025,-0.0113823591592394
"Shared Income Quintile","3rd quintile","net per capita annuity",2025,-0.0106963844200174
"Shared Income Quintile","4th quintile","net per capita annuity",2025,-0.00735941393667656
"Shared Income Quintile","top quintile","net per capita annuity",2025,-0.00404242427373016
"Shared Lifetime Earnings Quintile","bottom quintile","net per capita annuity",2025,0.0224571700883013
"Shared Lifetime Earnings Quintile","2nd quintile","net per capita annuity",2025,-0.00823007702484781
"Shared Lifetime Earnings Quintile","3rd quintile","net per capita annuity",2025,-0.00876805653372199
"Shared Lifetime Earnings Quintile","4th quintile","net per capita annuity",2025,-0.00696288871650838
"Shared Lifetime Earnings Quintile","top quintile","net per capita annuity",2025,-0.00512569159446391
"Homeownership","Home Owner","net per capita annuity",2025,-0.00605449214225008
"Homeownership","Renter","net per capita annuity",2025,0.00477051068427415
"Family Income Relative to Official Poverty","1.Less 100% of Poverty","net per capita annuity",2025,0.029702721875882
"Family Income Relative to Official Poverty","2.100-199% of Poverty","net per capita annuity",2025,-0.00785520941833988
"Family Income Relative to Official Poverty","3.200-399% of Poverty","net per capita annuity",2025,0.00233756918764329
"Family Income Relative to Official Poverty","4.400%+ of Poverty","net per capita annuity",2025,-0.000190380152471619
"Per Capita Retirement Account Assets ($2015)","<0k","net per capita annuity",2025,-0.0326760335114701
"Per Capita Retirement Account Assets ($2015)","0k -  5k","net per capita annuity",2025,-0.118802787491893
"Per Capita Retirement Account Assets ($2015)","5k - 25k","net per capita annuity",2025,-0.0117798227440038
"Per Capita Retirement Account Assets ($2015)","25k +","net per capita annuity",2025,-0.00875504739325761
"Per Capita Financial Assets ($2015)","<0k","net per capita annuity",2025,-0.0186886457424441
"Per Capita Financial Assets ($2015)","0k -  5k","net per capita annuity",2025,-0.00889614296409634
"Per Capita Financial Assets ($2015)","5k - 25k","net per capita annuity",2025,-0.00606006134027224
"Per Capita Financial Assets ($2015)","25k +","net per capita annuity",2025,-0.0047908797646426
"Per Capita Financial + Retirement Account Assets ($2015)","<0k","net per capita annuity",2025,-0.0435673764680161
"Per Capita Financial + Retirement Account Assets ($2015)","0k -  5k","net per capita annuity",2025,-0.0303308691622017
"Per Capita Financial + Retirement Account Assets ($2015)","5k - 25k","net per capita annuity",2025,-0.00730655112288164
"Per Capita Financial + Retirement Account Assets ($2015)","25k +","net per capita annuity",2025,-0.00756000361776743
"All","All","per capita annuity",2035,-0.0135921673879299
"Age","62-69","per capita annuity",2035,-0.0147197359663099
"Age","70-74","per capita annuity",2035,-0.0202502142835063
"Age","75-79","per capita annuity",2035,-0.0108475948842872
"Age","80-84","per capita annuity",2035,-0.00959900132282514
"Age","85+","per capita annuity",2035,-0.00872729434670677
"Sex","Female","per capita annuity",2035,-0.0127443482462792
"Sex","Male","per capita annuity",2035,-0.0144798030694108
"Education","1.High School Dropout","per capita annuity",2035,-0.00300066206447968
"Education","2.High School Graduate","per capita annuity",2035,-0.0143976983558541
"Education","3.Some College","per capita annuity",2035,-0.0150687321913187
"Education","4.College Graduate","per capita annuity",2035,-0.0136629469076909
"Race Ethnicity","1.White","per capita annuity",2035,-0.0145880297653866
"Race Ethnicity","2.Black","per capita annuity",2035,-0.0111800326820575
"Race Ethnicity","3.Hispanic","per capita annuity",2035,-0.00791939246113658
"Race Ethnicity","4.Other","per capita annuity",2035,-0.0110199122568361
"Marital Status","Married","per capita annuity",2035,-0.0228492531463511
"Marital Status","Widowed","per capita annuity",2035,-0.00485448665568368
"Marital Status","Divorced","per capita annuity",2035,-0.00249380789822071
"Marital Status","Single","per capita annuity",2035,0.00178091560761019
"Shared Work Years","0-9","per capita annuity",2035,0.0031542307653553
"Shared Work Years","10-14","per capita annuity",2035,0.0232268929328213
"Shared Work Years","15-19","per capita annuity",2035,0.00212697539856283
"Shared Work Years","20-24","per capita annuity",2035,-0.0106560012784547
"Shared Work Years","25-29","per capita annuity",2035,-0.0172153555992831
"Shared Work Years","30-34","per capita annuity",2035,-0.0193444437199324
"Shared Work Years","35-39","per capita annuity",2035,-0.0157668293508938
"Shared Work Years","40+","per capita annuity",2035,-0.0134036947476767
"Own Work Years","0-9","per capita annuity",2035,-0.0143245554585627
"Own Work Years","10-14","per capita annuity",2035,-0.00852330928764505
"Own Work Years","15-19","per capita annuity",2035,-0.00845620868670415
"Own Work Years","20-24","per capita annuity",2035,-0.011464661387707
"Own Work Years","25-29","per capita annuity",2035,-0.0116870927687221
"Own Work Years","30-34","per capita annuity",2035,-0.0134720871829998
"Own Work Years","35-39","per capita annuity",2035,-0.0142614479410872
"Own Work Years","40+","per capita annuity",2035,-0.0139196107934343
"Shared Income Quintile","bottom quintile","per capita annuity",2035,0.0329113422826552
"Shared Income Quintile","2nd quintile","per capita annuity",2035,-0.0249777395938232
"Shared Income Quintile","3rd quintile","per capita annuity",2035,-0.0249533440828402
"Shared Income Quintile","4th quintile","per capita annuity",2035,-0.020262355828462
"Shared Income Quintile","top quintile","per capita annuity",2035,-0.00994017746547776
"Shared Lifetime Earnings Quintile","bottom quintile","per capita annuity",2035,0.0252589282512288
"Shared Lifetime Earnings Quintile","2nd quintile","per capita annuity",2035,-0.0161862035727049
"Shared Lifetime Earnings Quintile","3rd quintile","per capita annuity",2035,-0.0192997160522935
"Shared Lifetime Earnings Quintile","4th quintile","per capita annuity",2035,-0.0194360495506326
"Shared Lifetime Earnings Quintile","top quintile","per capita annuity",2035,-0.0127415031989496
"Homeownership","Home Owner","per capita annuity",2035,-0.0155646663765948
"Homeownership","Renter","per capita annuity",2035,0.00315824065386468
"Family Income Relative to Official Poverty","1.Less 100% of Poverty","per capita annuity",2035,0.029971834820442
"Family Income Relative to Official Poverty","2.100-199% of Poverty","per capita annuity",2035,-0.0117049284937944
"Family Income Relative to Official Poverty","3.200-399% of Poverty","per capita annuity",2035,0.00184216464761595
"Family Income Relative to Official Poverty","4.400%+ of Poverty","per capita annuity",2035,0.00398972005735786
"Per Capita Retirement Account Assets ($2015)","<0k","per capita annuity",2035,-0.107306504592277
"Per Capita Retirement Account Assets ($2015)","0k -  5k","per capita annuity",2035,-0.185115215693076
"Per Capita Retirement Account Assets ($2015)","5k - 25k","per capita annuity",2035,-0.0949658576363742
"Per Capita Retirement Account Assets ($2015)","25k +","per capita annuity",2035,-0.0414842156039782
"Per Capita Financial Assets ($2015)","<0k","per capita annuity",2035,-0.051202087884177
"Per Capita Financial Assets ($2015)","0k -  5k","per capita annuity",2035,-0.0194587304078007
"Per Capita Financial Assets ($2015)","5k - 25k","per capita annuity",2035,-0.0146512197005385
"Per Capita Financial Assets ($2015)","25k +","per capita annuity",2035,-0.011847473765593
"Per Capita Financial + Retirement Account Assets ($2015)","<0k","per capita annuity",2035,-0.133165053001327
"Per Capita Financial + Retirement Account Assets ($2015)","0k -  5k","per capita annuity",2035,-0.0693673814426378
"Per Capita Financial + Retirement Account Assets ($2015)","5k - 25k","per capita annuity",2035,-0.0821347114352725
"Per Capita Financial + Retirement Account Assets ($2015)","25k +","per capita annuity",2035,-0.0262460921968789
"All","All","per capita cash",2035,-0.0245145019418653
"Age","62-69","per capita cash",2035,-0.0297228361442441
"Age","70-74","per capita cash",2035,-0.028865144945211
"Age","75-79","per capita cash",2035,-0.0167417644131868
"Age","80-84","per capita cash",2035,-0.0164270198866034
"Age","85+","per capita cash",2035,-0.0185541063700355
"Sex","Female","per capita cash",2035,-0.0226276289073664
"Sex","Male","per capita cash",2035,-0.0265862814198416
"Education","1.High School Dropout","per capita cash",2035,-0.00809260559393491
"Education","2.High School Graduate","per capita cash",2035,-0.0233798368995985
"Education","3.Some College","per capita cash",2035,-0.0248853073464269
"Education","4.College Graduate","per capita cash",2035,-0.0270589578222229
"Race Ethnicity","1.White","per capita cash",2035,-0.0264067617864316
"Race Ethnicity","2.Black","per capita cash",2035,-0.0179202809780074
"Race Ethnicity","3.Hispanic","per capita cash",2035,-0.01670677008187
"Race Ethnicity","4.Other","per capita cash",2035,-0.0221809231408249
"Marital Status","Married","per capita cash",2035,-0.0385247174914647
"Marital Status","Widowed","per capita cash",2035,-0.00852760793112558
"Marital Status","Divorced","per capita cash",2035,-0.00970333037736018
"Marital Status","Single","per capita cash",2035,-0.00220758906839274
"Shared Work Years","0-9","per capita cash",2035,0.00337715923714327
"Shared Work Years","10-14","per capita cash",2035,0.0269871539813659
"Shared Work Years","15-19","per capita cash",2035,-0.00241311013683218
"Shared Work Years","20-24","per capita cash",2035,-0.0200333798911481
"Shared Work Years","25-29","per capita cash",2035,-0.028892454349831
"Shared Work Years","30-34","per capita cash",2035,-0.032302061712142
"Shared Work Years","35-39","per capita cash",2035,-0.0286629781269231
"Shared Work Years","40+","per capita cash",2035,-0.024339865181431
"Own Work Years","0-9","per capita cash",2035,-0.0210680573188381
"Own Work Years","10-14","per capita cash",2035,-0.0133027714950342
"Own Work Years","15-19","per capita cash",2035,-0.0171322127488109
"Own Work Years","20-24","per capita cash",2035,-0.0223868757005056
"Own Work Years","25-29","per capita cash",2035,-0.0220060042434566
"Own Work Years","30-34","per capita cash",2035,-0.0240843597008558
"Own Work Years","35-39","per capita cash",2035,-0.0258085390154746
"Own Work Years","40+","per capita cash",2035,-0.0251797882727413
"Shared Income Quintile","bottom quintile","per capita cash",2035,0.0462999871444522
"Shared Income Quintile","2nd quintile","per capita cash",2035,-0.0374911086863328
"Shared Income Quintile","3rd quintile","per capita cash",2035,-0.0360360761624918
"Shared Income Quintile","4th quintile","per capita cash",2035,-0.030383470517339
"Shared Income Quintile","top quintile","per capita cash",2035,-0.0219727571142698
"Shared Lifetime Earnings Quintile","bottom quintile","per capita cash",2035,0.0279293946656273
"Shared Lifetime Earnings Quintile","2nd quintile","per capita cash",2035,-0.0254320996917119
"Shared Lifetime Earnings Quintile","3rd quintile","per capita cash",2035,-0.0298813805360219
"Shared Lifetime Earnings Quintile","4th quintile","per capita cash",2035,-0.0314548042233775
"Shared Lifetime Earnings Quintile","top quintile","per capita cash",2035,-0.0264210690602982
"Homeownership","Home Owner","per capita cash",2035,-0.0277874857977756
"Homeownership","Renter","per capita cash",2035,-0.000932742271860654
"Family Income Relative to Official Poverty","1.Less 100% of Poverty","per capita cash",2035,-0.113187363821286
"Family Income Relative to Official Poverty","2.100-199% of Poverty","per capita cash",2035,-0.0124003338971801
"Family Income Relative to Official Poverty","3.200-399% of Poverty","per capita cash",2035,-0.0161957895133338
"Family Income Relative to Official Poverty","4.400%+ of Poverty","per capita cash",2035,-0.00523313369518303
"Per Capita Retirement Account Assets ($2015)","<0k","per capita cash",2035,-0.139359046085902
"Per Capita Retirement Account Assets ($2015)","0k -  5k","per capita cash",2035,-0.171851622316781
"Per Capita Retirement Account Assets ($2015)","5k - 25k","per capita cash",2035,-0.0893829070454055
"Per Capita Retirement Account Assets ($2015)","25k +","per capita cash",2035,-0.0432782486308639
"Per Capita Financial Assets ($2015)","<0k","per capita cash",2035,-0.0537074205704791
"Per Capita Financial Assets ($2015)","0k -  5k","per capita cash",2035,-0.0166676792195482
"Per Capita Financial Assets ($2015)","5k - 25k","per capita cash",2035,-0.0196078910472903
"Per Capita Financial Assets ($2015)","25k +","per capita cash",2035,-0.0263481428796439
"Per Capita Financial + Retirement Account Assets ($2015)","<0k","per capita cash",2035,-0.128662685539271
"Per Capita Financial + Retirement Account Assets ($2015)","0k -  5k","per capita cash",2035,-0.0681174977476985
"Per Capita Financial + Retirement Account Assets ($2015)","5k - 25k","per capita cash",2035,-0.0883850816654727
"Per Capita Financial + Retirement Account Assets ($2015)","25k +","per capita cash",2035,-0.0335755248321967
"All","All","net per capita annuity",2035,-0.0138065265558083
"Age","62-69","net per capita annuity",2035,-0.0153086891857341
"Age","70-74","net per capita annuity",2035,-0.0205718661723334
"Age","75-79","net per capita annuity",2035,-0.0113695226444542
"Age","80-84","net per capita annuity",2035,-0.009716998459238
"Age","85+","net per capita annuity",2035,-0.00848951870114221
"Sex","Female","net per capita annuity",2035,-0.0129537248994198
"Sex","Male","net per capita annuity",2035,-0.014698513459651
"Education","1.High School Dropout","net per capita annuity",2035,-0.00230506996997669
"Education","2.High School Graduate","net per capita annuity",2035,-0.0150694750876012
"Education","3.Some College","net per capita annuity",2035,-0.0155778937177685
"Education","4.College Graduate","net per capita annuity",2035,-0.0135945879435748
"Race Ethnicity","1.White","net per capita annuity",2035,-0.0148905871776907
"Race Ethnicity","2.Black","net per capita annuity",2035,-0.0118138627874126
"Race Ethnicity","3.Hispanic","net per capita annuity",2035,-0.00717417292665136
"Race Ethnicity","4.Other","net per capita annuity",2035,-0.0105188232721627
"Marital Status","Married","net per capita annuity",2035,-0.0234991808873757
"Marital Status","Widowed","net per capita annuity",2035,-0.00526172727390061
"Marital Status","Divorced","net per capita annuity",2035,-0.00189033854771055
"Marital Status","Single","net per capita annuity",2035,0.00269252651166083
"Shared Work Years","0-9","net per capita annuity",2035,0.00376472564640947
"Shared Work Years","10-14","net per capita annuity",2035,0.0297334131089064
"Shared Work Years","15-19","net per capita annuity",2035,0.00382949997649873
"Shared Work Years","20-24","net per capita annuity",2035,-0.00999607175404046
"Shared Work Years","25-29","net per capita annuity",2035,-0.0180868205236308
"Shared Work Years","30-34","net per capita annuity",2035,-0.0198328335364464
"Shared Work Years","35-39","net per capita annuity",2035,-0.0160137627624754
"Shared Work Years","40+","net per capita annuity",2035,-0.0136089007082344
"Own Work Years","0-9","net per capita annuity",2035,-0.0170264058302984
"Own Work Years","10-14","net per capita annuity",2035,-0.00816596892360408
"Own Work Years","15-19","net per capita annuity",2035,-0.00756910580440665
"Own Work Years","20-24","net per capita annuity",2035,-0.0106848431219543
"Own Work Years","25-29","net per capita annuity",2035,-0.0118176625872077
"Own Work Years","30-34","net per capita annuity",2035,-0.0132863350153095
"Own Work Years","35-39","net per capita annuity",2035,-0.0147199829111089
"Own Work Years","40+","net per capita annuity",2035,-0.0141549116234401
"Shared Income Quintile","bottom quintile","net per capita annuity",2035,0.043288505382551
"Shared Income Quintile","2nd quintile","net per capita annuity",2035,-0.0275206991670922
"Shared Income Quintile","3rd quintile","net per capita annuity",2035,-0.027275494585187
"Shared Income Quintile","4th quintile","net per capita annuity",2035,-0.0203641768759329
"Shared Income Quintile","top quintile","net per capita annuity",2035,-0.00944496285850706
"Shared Lifetime Earnings Quintile","bottom quintile","net per capita annuity",2035,0.031915796657826
"Shared Lifetime Earnings Quintile","2nd quintile","net per capita annuity",2035,-0.0178668501803592
"Shared Lifetime Earnings Quintile","3rd quintile","net per capita annuity",2035,-0.0203940139873093
"Shared Lifetime Earnings Quintile","4th quintile","net per capita annuity",2035,-0.019860002514823
"Shared Lifetime Earnings Quintile","top quintile","net per capita annuity",2035,-0.0125771591082388
"Homeownership","Home Owner","net per capita annuity",2035,-0.0159553473839728
"Homeownership","Renter","net per capita annuity",2035,0.00503878654688576
"Family Income Relative to Official Poverty","1.Less 100% of Poverty","net per capita annuity",2035,0.037244532438611
"Family Income Relative to Official Poverty","2.100-199% of Poverty","net per capita annuity",2035,-0.0126462822522352
"Family Income Relative to Official Poverty","3.200-399% of Poverty","net per capita annuity",2035,0.000149407830783895
"Family Income Relative to Official Poverty","4.400%+ of Poverty","net per capita annuity",2035,0.00280355865332465
"Per Capita Retirement Account Assets ($2015)","<0k","net per capita annuity",2035,-0.104184982304733
"Per Capita Retirement Account Assets ($2015)","0k -  5k","net per capita annuity",2035,-0.194121266378836
"Per Capita Retirement Account Assets ($2015)","5k - 25k","net per capita annuity",2035,-0.0999614357877663
"Per Capita Retirement Account Assets ($2015)","25k +","net per capita annuity",2035,-0.0429968640177126
"Per Capita Financial Assets ($2015)","<0k","net per capita annuity",2035,-0.0646374397150265
"Per Capita Financial Assets ($2015)","0k -  5k","net per capita annuity",2035,-0.0224435152917453
"Per Capita Financial Assets ($2015)","5k - 25k","net per capita annuity",2035,-0.0158950286614385
"Per Capita Financial Assets ($2015)","25k +","net per capita annuity",2035,-0.0117482209875628
"Per Capita Financial + Retirement Account Assets ($2015)","<0k","net per capita annuity",2035,-0.154075311981743
"Per Capita Financial + Retirement Account Assets ($2015)","0k -  5k","net per capita annuity",2035,-0.0727618841894085
"Per Capita Financial + Retirement Account Assets ($2015)","5k - 25k","net per capita annuity",2035,-0.0819061607240028
"Per Capita Financial + Retirement Account Assets ($2015)","25k +","net per capita annuity",2035,-0.0270654290395553
"All","All","per capita annuity",2045,-0.0141986254732382
"Age","62-69","per capita annuity",2045,-0.0106306397622566
"Age","70-74","per capita annuity",2045,-0.0170659844132304
"Age","75-79","per capita annuity",2045,-0.0208395376434821
"Age","80-84","per capita annuity",2045,-0.017509645606418
"Age","85+","per capita annuity",2045,-0.0099191555876854
"Sex","Female","per capita annuity",2045,-0.0135105627875303
"Sex","Male","per capita annuity",2045,-0.0148936539055453
"Education","1.High School Dropout","per capita annuity",2045,-0.00148434204651751
"Education","2.High School Graduate","per capita annuity",2045,-0.0117556677464131
"Education","3.Some College","per capita annuity",2045,-0.0152627967259591
"Education","4.College Graduate","per capita annuity",2045,-0.0160442144888443
"Race Ethnicity","1.White","per capita annuity",2045,-0.0158903044975599
"Race Ethnicity","2.Black","per capita annuity",2045,-0.00895249577044558
"Race Ethnicity","3.Hispanic","per capita annuity",2045,-0.00668122657687489
"Race Ethnicity","4.Other","per capita annuity",2045,-0.0133248599114266
"Marital Status","Married","per capita annuity",2045,-0.0302979119587644
"Marital Status","Widowed","per capita annuity",2045,0.00402823202815128
"Marital Status","Divorced","per capita annuity",2045,-0.00209391282024409
"Marital Status","Single","per capita annuity",2045,0.00635111512936298
"Shared Work Years","0-9","per capita annuity",2045,0.00524001990284848
"Shared Work Years","10-14","per capita annuity",2045,0.0276622609553542
"Shared Work Years","15-19","per capita annuity",2045,-0.00515120782208509
"Shared Work Years","20-24","per capita annuity",2045,-0.0180127020272109
"Shared Work Years","25-29","per capita annuity",2045,-0.0222120256333778
"Shared Work Years","30-34","per capita annuity",2045,-0.023509521895116
"Shared Work Years","35-39","per capita annuity",2045,-0.018958327586916
"Shared Work Years","40+","per capita annuity",2045,-0.0127614804111906
"Own Work Years","0-9","per capita annuity",2045,-0.0248553356489325
"Own Work Years","10-14","per capita annuity",2045,-0.015490781318338
"Own Work Years","15-19","per capita annuity",2045,-0.0158606011971
"Own Work Years","20-24","per capita annuity",2045,-0.0189193017603396
"Own Work Years","25-29","per capita annuity",2045,-0.0154834593614731
"Own Work Years","30-34","per capita annuity",2045,-0.0184107242117614
"Own Work Years","35-39","per capita annuity",2045,-0.014684334593765
"Own Work Years","40+","per capita annuity",2045,-0.013360532266225
"Shared Income Quintile","bottom quintile","per capita annuity",2045,0.0485426649871223
"Shared Income Quintile","2nd quintile","per capita annuity",2045,-0.0252871128034487
"Shared Income Quintile","3rd quintile","per capita annuity",2045,-0.0241126361635401
"Shared Income Quintile","4th quintile","per capita annuity",2045,-0.0198191026753152
"Shared Income Quintile","top quintile","per capita annuity",2045,-0.0122720484881612
"Shared Lifetime Earnings Quintile","bottom quintile","per capita annuity",2045,0.0332039258609551
"Shared Lifetime Earnings Quintile","2nd quintile","per capita annuity",2045,-0.0102765960401895
"Shared Lifetime Earnings Quintile","3rd quintile","per capita annuity",2045,-0.015347953309459
"Shared Lifetime Earnings Quintile","4th quintile","per capita annuity",2045,-0.0219493600887015
"Shared Lifetime Earnings Quintile","top quintile","per capita annuity",2045,-0.0162419026413979
"Homeownership","Home Owner","per capita annuity",2045,-0.0173796279536579
"Homeownership","Renter","per capita annuity",2045,0.00949450946989742
"Family Income Relative to Official Poverty","1.Less 100% of Poverty","per capita annuity",2045,-0.00887641397868547
"Family Income Relative to Official Poverty","2.100-199% of Poverty","per capita annuity",2045,-0.015307881026925
"Family Income Relative to Official Poverty","3.200-399% of Poverty","per capita annuity",2045,0.0253822071212885
"Family Income Relative to Official Poverty","4.400%+ of Poverty","per capita annuity",2045,0.005569284319292
"Per Capita Retirement Account Assets ($2015)","<0k","per capita annuity",2045,-0.15731744001456
"Per Capita Retirement Account Assets ($2015)","0k -  5k","per capita annuity",2045,-0.209357454971445
"Per Capita Retirement Account Assets ($2015)","5k - 25k","per capita annuity",2045,-0.172452966115942
"Per Capita Retirement Account Assets ($2015)","25k +","per capita annuity",2045,-0.0783494605720627
"Per Capita Financial Assets ($2015)","<0k","per capita annuity",2045,-0.0352682523222803
"Per Capita Financial Assets ($2015)","0k -  5k","per capita annuity",2045,-0.0316961053203045
"Per Capita Financial Assets ($2015)","5k - 25k","per capita annuity",2045,-0.00584211293657822
"Per Capita Financial Assets ($2015)","25k +","per capita annuity",2045,-0.0114993603892835
"Per Capita Financial + Retirement Account Assets ($2015)","<0k","per capita annuity",2045,-0.125299503866171
"Per Capita Financial + Retirement Account Assets ($2015)","0k -  5k","per capita annuity",2045,-0.120830747675238
"Per Capita Financial + Retirement Account Assets ($2015)","5k - 25k","per capita annuity",2045,-0.112844075371558
"Per Capita Financial + Retirement Account Assets ($2015)","25k +","per capita annuity",2045,-0.041682655671837
"All","All","per capita cash",2045,-0.0287893302167984
"Age","62-69","per capita cash",2045,-0.0315642504335527
"Age","70-74","per capita cash",2045,-0.027302317908667
"Age","75-79","per capita cash",2045,-0.0295123223554343
"Age","80-84","per capita cash",2045,-0.0283808247301942
"Age","85+","per capita cash",2045,-0.0229876467921862
"Sex","Female","per capita cash",2045,-0.0261799812997511
"Sex","Male","per capita cash",2045,-0.0315671498716661
"Education","1.High School Dropout","per capita cash",2045,-0.00913463970714706
"Education","2.High School Graduate","per capita cash",2045,-0.0246529290016342
"Education","3.Some College","per capita cash",2045,-0.0273006324779579
"Education","4.College Graduate","per capita cash",2045,-0.0337931498583315
"Race Ethnicity","1.White","per capita cash",2045,-0.0314515230636361
"Race Ethnicity","2.Black","per capita cash",2045,-0.0159506897629975
"Race Ethnicity","3.Hispanic","per capita cash",2045,-0.0231397136738074
"Race Ethnicity","4.Other","per capita cash",2045,-0.0287546106770326
"Marital Status","Married","per capita cash",2045,-0.0516871363008743
"Marital Status","Widowed","per capita cash",2045,0.00527859951016296
"Marital Status","Divorced","per capita cash",2045,-0.0134069177834794
"Marital Status","Single","per capita cash",2045,-0.00218047431660942
"Shared Work Years","0-9","per capita cash",2045,0.00691795238200946
"Shared Work Years","10-14","per capita cash",2045,0.0318268467729522
"Shared Work Years","15-19","per capita cash",2045,-0.0130180944324474
"Shared Work Years","20-24","per capita cash",2045,-0.0334209863401476
"Shared Work Years","25-29","per capita cash",2045,-0.0377745890246659
"Shared Work Years","30-34","per capita cash",2045,-0.0388492604673545
"Shared Work Years","35-39","per capita cash",2045,-0.036817409194998
"Shared Work Years","40+","per capita cash",2045,-0.0271469870368672
"Own Work Years","0-9","per capita cash",2045,-0.0368118649424059
"Own Work Years","10-14","per capita cash",2045,-0.0213217252398232
"Own Work Years","15-19","per capita cash",2045,-0.025122019423899
"Own Work Years","20-24","per capita cash",2045,-0.0321663183480247
"Own Work Years","25-29","per capita cash",2045,-0.0316386183127907
"Own Work Years","30-34","per capita cash",2045,-0.0338765281944223
"Own Work Years","35-39","per capita cash",2045,-0.031020682130841
"Own Work Years","40+","per capita cash",2045,-0.0279909939406443
"Shared Income Quintile","bottom quintile","per capita cash",2045,0.0642452463370652
"Shared Income Quintile","2nd quintile","per capita cash",2045,-0.0393807894274351
"Shared Income Quintile","3rd quintile","per capita cash",2045,-0.0399266017446056
"Shared Income Quintile","4th quintile","per capita cash",2045,-0.0359916106142148
"Shared Income Quintile","top quintile","per capita cash",2045,-0.0280342223325544
"Shared Lifetime Earnings Quintile","bottom quintile","per capita cash",2045,0.0360468122189475
"Shared Lifetime Earnings Quintile","2nd quintile","per capita cash",2045,-0.0201896225852827
"Shared Lifetime Earnings Quintile","3rd quintile","per capita cash",2045,-0.0292605714704735
"Shared Lifetime Earnings Quintile","4th quintile","per capita cash",2045,-0.0371479129305111
"Shared Lifetime Earnings Quintile","top quintile","per capita cash",2045,-0.0362108697223828
"Homeownership","Home Owner","per capita cash",2045,-0.0335626286875802
"Homeownership","Renter","per capita cash",2045,0.00141650739405695
"Family Income Relative to Official Poverty","1.Less 100% of Poverty","per capita cash",2045,-0.245461136869881
"Family Income Relative to Official Poverty","2.100-199% of Poverty","per capita cash",2045,-0.0136109872214505
"Family Income Relative to Official Poverty","3.200-399% of Poverty","per capita cash",2045,-0.00953595177206277
"Family Income Relative to Official Poverty","4.400%+ of Poverty","per capita cash",2045,-0.00582226072551914
"Per Capita Retirement Account Assets ($2015)","<0k","per capita cash",2045,-0.168952699191192
"Per Capita Retirement Account Assets ($2015)","0k -  5k","per capita cash",2045,-0.21573340317189
"Per Capita Retirement Account Assets ($2015)","5k - 25k","per capita cash",2045,-0.174323672619702
"Per Capita Retirement Account Assets ($2015)","25k +","per capita cash",2045,-0.0822495877785853
"Per Capita Financial Assets ($2015)","<0k","per capita cash",2045,-0.0372439986580463
"Per Capita Financial Assets ($2015)","0k -  5k","per capita cash",2045,-0.0345353631166588
"Per Capita Financial Assets ($2015)","5k - 25k","per capita cash",2045,-0.011118168941176
"Per Capita Financial Assets ($2015)","25k +","per capita cash",2045,-0.031447351460678
"Per Capita Financial + Retirement Account Assets ($2015)","<0k","per capita cash",2045,-0.116250382643495
"Per Capita Financial + Retirement Account Assets ($2015)","0k -  5k","per capita cash",2045,-0.111330805915078
"Per Capita Financial + Retirement Account Assets ($2015)","5k - 25k","per capita cash",2045,-0.115169058719147
"Per Capita Financial + Retirement Account Assets ($2015)","25k +","per capita cash",2045,-0.0510653035675856
"All","All","net per capita annuity",2045,-0.0140945457364325
"Age","62-69","net per capita annuity",2045,-0.0100229662288366
"Age","70-74","net per capita annuity",2045,-0.0174364640615711
"Age","75-79","net per capita annuity",2045,-0.0219090862112651
"Age","80-84","net per capita annuity",2045,-0.0178634735351025
"Age","85+","net per capita annuity",2045,-0.00912613048436697
"Sex","Female","net per capita annuity",2045,-0.0133819424421614
"Sex","Male","net per capita annuity",2045,-0.0148125412984235
"Education","1.High School Dropout","net per capita annuity",2045,-0.0000147781252086184
"Education","2.High School Graduate","net per capita annuity",2045,-0.0119700056880287
"Education","3.Some College","net per capita annuity",2045,-0.0154013149727585
"Education","4.College Graduate","net per capita annuity",2045,-0.015754604637045
"Race Ethnicity","1.White","net per capita annuity",2045,-0.0160244108772013
"Race Ethnicity","2.Black","net per capita annuity",2045,-0.00924654234892747
"Race Ethnicity","3.Hispanic","net per capita annuity",2045,-0.00442498338704342
"Race Ethnicity","4.Other","net per capita annuity",2045,-0.0127319416591194
"Marital Status","Married","net per capita annuity",2045,-0.0315969911813267
"Marital Status","Widowed","net per capita annuity",2045,0.00440714137229456
"Marital Status","Divorced","net per capita annuity",2045,-0.000926885024123731
"Marital Status","Single","net per capita annuity",2045,0.00809939713886421
"Shared Work Years","0-9","net per capita annuity",2045,0.00935651647302355
"Shared Work Years","10-14","net per capita annuity",2045,0.0371677344397872
"Shared Work Years","15-19","net per capita annuity",2045,-0.00329424399530145
"Shared Work Years","20-24","net per capita annuity",2045,-0.0204060594591192
"Shared Work Years","25-29","net per capita annuity",2045,-0.0239037402275283
"Shared Work Years","30-34","net per capita annuity",2045,-0.0251465183391619
"Shared Work Years","35-39","net per capita annuity",2045,-0.0194179140904075
"Shared Work Years","40+","net per capita annuity",2045,-0.0122893138728087
"Own Work Years","0-9","net per capita annuity",2045,-0.0298640214544587
"Own Work Years","10-14","net per capita annuity",2045,-0.0160532426369055
"Own Work Years","15-19","net per capita annuity",2045,-0.0163073380084715
"Own Work Years","20-24","net per capita annuity",2045,-0.0197720258585793
"Own Work Years","25-29","net per capita annuity",2045,-0.0163030556075305
"Own Work Years","30-34","net per capita annuity",2045,-0.0187302783930261
"Own Work Years","35-39","net per capita annuity",2045,-0.0149000672108886
"Own Work Years","40+","net per capita annuity",2045,-0.0130166564781377
"Shared Income Quintile","bottom quintile","net per capita annuity",2045,0.0704495270306111
"Shared Income Quintile","2nd quintile","net per capita annuity",2045,-0.0294757560537176
"Shared Income Quintile","3rd quintile","net per capita annuity",2045,-0.0269072517235912
"Shared Income Quintile","4th quintile","net per capita annuity",2045,-0.0187536682021052
"Shared Income Quintile","top quintile","net per capita annuity",2045,-0.0115302875147397
"Shared Lifetime Earnings Quintile","bottom quintile","net per capita annuity",2045,0.0440037791444678
"Shared Lifetime Earnings Quintile","2nd quintile","net per capita annuity",2045,-0.0115627568367062
"Shared Lifetime Earnings Quintile","3rd quintile","net per capita annuity",2045,-0.0166763168242768
"Shared Lifetime Earnings Quintile","4th quintile","net per capita annuity",2045,-0.0225079288242317
"Shared Lifetime Earnings Quintile","top quintile","net per capita annuity",2045,-0.0156173862231468
"Homeownership","Home Owner","net per capita annuity",2045,-0.0175303387665414
"Homeownership","Renter","net per capita annuity",2045,0.0125147110692782
"Family Income Relative to Official Poverty","1.Less 100% of Poverty","net per capita annuity",2045,-0.0210635153462773
"Family Income Relative to Official Poverty","2.100-199% of Poverty","net per capita annuity",2045,-0.0173542901661964
"Family Income Relative to Official Poverty","3.200-399% of Poverty","net per capita annuity",2045,0.0263940044216263
"Family Income Relative to Official Poverty","4.400%+ of Poverty","net per capita annuity",2045,0.00413672801615635
"Per Capita Retirement Account Assets ($2015)","<0k","net per capita annuity",2045,-0.161698579342312
"Per Capita Retirement Account Assets ($2015)","0k -  5k","net per capita annuity",2045,-0.223289242786119
"Per Capita Retirement Account Assets ($2015)","5k - 25k","net per capita annuity",2045,-0.175315058491448
"Per Capita Retirement Account Assets ($2015)","25k +","net per capita annuity",2045,-0.0795271599021176
"Per Capita Financial Assets ($2015)","<0k","net per capita annuity",2045,-0.0481180228338818
"Per Capita Financial Assets ($2015)","0k -  5k","net per capita annuity",2045,-0.0346259656258622
"Per Capita Financial Assets ($2015)","5k - 25k","net per capita annuity",2045,-0.00736198072881964
"Per Capita Financial Assets ($2015)","25k +","net per capita annuity",2045,-0.0110308061279129
"Per Capita Financial + Retirement Account Assets ($2015)","<0k","net per capita annuity",2045,-0.155615418644737
"Per Capita Financial + Retirement Account Assets ($2015)","0k -  5k","net per capita annuity",2045,-0.133716215953913
"Per Capita Financial + Retirement Account Assets ($2015)","5k - 25k","net per capita annuity",2045,-0.119327373941822
"Per Capita Financial + Retirement Account Assets ($2015)","25k +","net per capita annuity",2045,-0.0424207501747595
"All","All","per capita annuity",2055,-0.00794462718598812
"Age","62-69","per capita annuity",2055,-0.00678212022597075
"Age","70-74","per capita annuity",2055,-0.00988708846599232
"Age","75-79","per capita annuity",2055,-0.00946555429400367
"Age","80-84","per capita annuity",2055,-0.0106264668398901
"Age","85+","per capita annuity",2055,-0.00515833519533076
"Sex","Female","per capita annuity",2055,-0.00639182458338107
"Sex","Male","per capita annuity",2055,-0.00949806507351504
"Education","1.High School Dropout","per capita annuity",2055,0.00481160791049567
"Education","2.High School Graduate","per capita annuity",2055,-0.00315388042230527
"Education","3.Some College","per capita annuity",2055,-0.00654969997672309
"Education","4.College Graduate","per capita annuity",2055,-0.0116056223185066
"Race Ethnicity","1.White","per capita annuity",2055,-0.0107137707253458
"Race Ethnicity","2.Black","per capita annuity",2055,0.00048526689786454
"Race Ethnicity","3.Hispanic","per capita annuity",2055,-0.000587241954414215
"Race Ethnicity","4.Other","per capita annuity",2055,-0.00566737832151317
"Marital Status","Married","per capita annuity",2055,-0.0286274002890413
"Marital Status","Widowed","per capita annuity",2055,0.0222414488932804
"Marital Status","Divorced","per capita annuity",2055,0.00419981512757669
"Marital Status","Single","per capita annuity",2055,0.015001620292325
"Shared Work Years","0-9","per capita annuity",2055,0.00819896965220361
"Shared Work Years","10-14","per capita annuity",2055,0.0304114126286099
"Shared Work Years","15-19","per capita annuity",2055,-0.00467662547840884
"Shared Work Years","20-24","per capita annuity",2055,-0.0197678316041229
"Shared Work Years","25-29","per capita annuity",2055,-0.0219971680308536
"Shared Work Years","30-34","per capita annuity",2055,-0.0184502240365732
"Shared Work Years","35-39","per capita annuity",2055,-0.012569774675478
"Shared Work Years","40+","per capita annuity",2055,-0.00551667752764722
"Own Work Years","0-9","per capita annuity",2055,-0.0311894575463586
"Own Work Years","10-14","per capita annuity",2055,-0.0147763940377253
"Own Work Years","15-19","per capita annuity",2055,-0.0124101935007596
"Own Work Years","20-24","per capita annuity",2055,-0.0176620363629282
"Own Work Years","25-29","per capita annuity",2055,-0.0162061066089019
"Own Work Years","30-34","per capita annuity",2055,-0.0164149834172565
"Own Work Years","35-39","per capita annuity",2055,-0.00769105521072417
"Own Work Years","40+","per capita annuity",2055,-0.00586828975127826
"Shared Income Quintile","bottom quintile","per capita annuity",2055,0.0631694347674815
"Shared Income Quintile","2nd quintile","per capita annuity",2055,-0.0128890609233517
"Shared Income Quintile","3rd quintile","per capita annuity",2055,-0.0101432666068416
"Shared Income Quintile","4th quintile","per capita annuity",2055,-0.0112460103291784
"Shared Income Quintile","top quintile","per capita annuity",2055,-0.00974764884413385
"Shared Lifetime Earnings Quintile","bottom quintile","per capita annuity",2055,0.0395837096306009
"Shared Lifetime Earnings Quintile","2nd quintile","per capita annuity",2055,-0.000662888959628768
"Shared Lifetime Earnings Quintile","3rd quintile","per capita annuity",2055,-0.00226464423928618
"Shared Lifetime Earnings Quintile","4th quintile","per capita annuity",2055,-0.0104685412352402
"Shared Lifetime Earnings Quintile","top quintile","per capita annuity",2055,-0.0151804582576068
"Homeownership","Home Owner","per capita annuity",2055,-0.0123405966280126
"Homeownership","Renter","per capita annuity",2055,0.0214969396668832
"Family Income Relative to Official Poverty","1.Less 100% of Poverty","per capita annuity",2055,0.00539046854286034
"Family Income Relative to Official Poverty","2.100-199% of Poverty","per capita annuity",2055,0.0131120007750522
"Family Income Relative to Official Poverty","3.200-399% of Poverty","per capita annuity",2055,0.0176119985730581
"Family Income Relative to Official Poverty","4.400%+ of Poverty","per capita annuity",2055,0.00480040122817983
"Per Capita Retirement Account Assets ($2015)","<0k","per capita annuity",2055,-0.179708320197441
"Per Capita Retirement Account Assets ($2015)","0k -  5k","per capita annuity",2055,-0.207742753266191
"Per Capita Retirement Account Assets ($2015)","5k - 25k","per capita annuity",2055,-0.174621725568932
"Per Capita Retirement Account Assets ($2015)","25k +","per capita annuity",2055,-0.101320016149606
"Per Capita Financial Assets ($2015)","<0k","per capita annuity",2055,-0.0314416137993425
"Per Capita Financial Assets ($2015)","0k -  5k","per capita annuity",2055,-0.0483303337877337
"Per Capita Financial Assets ($2015)","5k - 25k","per capita annuity",2055,0.00420738405821691
"Per Capita Financial Assets ($2015)","25k +","per capita annuity",2055,-0.00604715937506156
"Per Capita Financial + Retirement Account Assets ($2015)","<0k","per capita annuity",2055,-0.141605995242226
"Per Capita Financial + Retirement Account Assets ($2015)","0k -  5k","per capita annuity",2055,-0.168210489774911
"Per Capita Financial + Retirement Account Assets ($2015)","5k - 25k","per capita annuity",2055,-0.12426874938115
"Per Capita Financial + Retirement Account Assets ($2015)","25k +","per capita annuity",2055,-0.0460925095310913
"All","All","per capita cash",2055,-0.0213061852979373
"Age","62-69","per capita cash",2055,-0.03240863940891
"Age","70-74","per capita cash",2055,-0.0140542371645228
"Age","75-79","per capita cash",2055,-0.0130348687898291
"Age","80-84","per capita cash",2055,-0.0176221538987668
"Age","85+","per capita cash",2055,-0.0108511146154496
"Sex","Female","per capita cash",2055,-0.0171803898389664
"Sex","Male","per capita cash",2055,-0.0255495516308847
"Education","1.High School Dropout","per capita cash",2055,-0.00243121373062255
"Education","2.High School Graduate","per capita cash",2055,-0.0151815113191859
"Education","3.Some College","per capita cash",2055,-0.01925594155677
"Education","4.College Graduate","per capita cash",2055,-0.0270560596577347
"Race Ethnicity","1.White","per capita cash",2055,-0.0257979653160931
"Race Ethnicity","2.Black","per capita cash",2055,-0.00687008623551656
"Race Ethnicity","3.Hispanic","per capita cash",2055,-0.0108685548832652
"Race Ethnicity","4.Other","per capita cash",2055,-0.021267899298493
"Marital Status","Married","per capita cash",2055,-0.049852941631696
"Marital Status","Widowed","per capita cash",2055,0.0378421214068665
"Marital Status","Divorced","per capita cash",2055,-0.00893010002901114
"Marital Status","Single","per capita cash",2055,0.00337198880374233
"Shared Work Years","0-9","per capita cash",2055,0.00760171744629361
"Shared Work Years","10-14","per capita cash",2055,0.0326069626623
"Shared Work Years","15-19","per capita cash",2055,-0.0120566975847908
"Shared Work Years","20-24","per capita cash",2055,-0.0333722433608624
"Shared Work Years","25-29","per capita cash",2055,-0.0371229164147796
"Shared Work Years","30-34","per capita cash",2055,-0.0371768634538816
"Shared Work Years","35-39","per capita cash",2055,-0.0293980299903572
"Shared Work Years","40+","per capita cash",2055,-0.0179195380973667
"Own Work Years","0-9","per capita cash",2055,-0.0440252182367359
"Own Work Years","10-14","per capita cash",2055,-0.0231499211387196
"Own Work Years","15-19","per capita cash",2055,-0.0254761231552545
"Own Work Years","20-24","per capita cash",2055,-0.0319378370907056
"Own Work Years","25-29","per capita cash",2055,-0.0278321328911676
"Own Work Years","30-34","per capita cash",2055,-0.0336087864892551
"Own Work Years","35-39","per capita cash",2055,-0.0234212803903906
"Own Work Years","40+","per capita cash",2055,-0.0186547880989972
"Shared Income Quintile","bottom quintile","per capita cash",2055,0.0783048008698711
"Shared Income Quintile","2nd quintile","per capita cash",2055,-0.0303675808460817
"Shared Income Quintile","3rd quintile","per capita cash",2055,-0.0203605951857509
"Shared Income Quintile","4th quintile","per capita cash",2055,-0.028732759661471
"Shared Income Quintile","top quintile","per capita cash",2055,-0.0247647712453799
"Shared Lifetime Earnings Quintile","bottom quintile","per capita cash",2055,0.0437459258737658
"Shared Lifetime Earnings Quintile","2nd quintile","per capita cash",2055,-0.01056149298637
"Shared Lifetime Earnings Quintile","3rd quintile","per capita cash",2055,-0.0142756392101511
"Shared Lifetime Earnings Quintile","4th quintile","per capita cash",2055,-0.027300684146277
"Shared Lifetime Earnings Quintile","top quintile","per capita cash",2055,-0.0328892651194024
"Homeownership","Home Owner","per capita cash",2055,-0.026427138347332
"Homeownership","Renter","per capita cash",2055,0.0095791358426305
"Family Income Relative to Official Poverty","1.Less 100% of Poverty","per capita cash",2055,-0.187685429776806
"Family Income Relative to Official Poverty","2.100-199% of Poverty","per capita cash",2055,0.00598728991139911
"Family Income Relative to Official Poverty","3.200-399% of Poverty","per capita cash",2055,-0.00891262906144005
"Family Income Relative to Official Poverty","4.400%+ of Poverty","per capita cash",2055,-0.00556014400774904
"Per Capita Retirement Account Assets ($2015)","<0k","per capita cash",2055,-0.185286848603558
"Per Capita Retirement Account Assets ($2015)","0k -  5k","per capita cash",2055,-0.229234409929309
"Per Capita Retirement Account Assets ($2015)","5k - 25k","per capita cash",2055,-0.197289332209664
"Per Capita Retirement Account Assets ($2015)","25k +","per capita cash",2055,-0.105215028687488
"Per Capita Financial Assets ($2015)","<0k","per capita cash",2055,-0.035248646925742
"Per Capita Financial Assets ($2015)","0k -  5k","per capita cash",2055,-0.0465906881787232
"Per Capita Financial Assets ($2015)","5k - 25k","per capita cash",2055,-0.00203208988066185
"Per Capita Financial Assets ($2015)","25k +","per capita cash",2055,-0.0241156827157902
"Per Capita Financial + Retirement Account Assets ($2015)","<0k","per capita cash",2055,-0.129478438808059
"Per Capita Financial + Retirement Account Assets ($2015)","0k -  5k","per capita cash",2055,-0.159747545040089
"Per Capita Financial + Retirement Account Assets ($2015)","5k - 25k","per capita cash",2055,-0.124771563412548
"Per Capita Financial + Retirement Account Assets ($2015)","25k +","per capita cash",2055,-0.0537163791752303
"All","All","net per capita annuity",2055,-0.00731542394736912
"Age","62-69","net per capita annuity",2055,-0.00462628340130949
"Age","70-74","net per capita annuity",2055,-0.0108800517875312
"Age","75-79","net per capita annuity",2055,-0.0100994991765219
"Age","80-84","net per capita annuity",2055,-0.0103448107338037
"Age","85+","net per capita annuity",2055,-0.00483297333452874
"Sex","Female","net per capita annuity",2055,-0.00559798652851038
"Sex","Male","net per capita annuity",2055,-0.00904218707996536
"Education","1.High School Dropout","net per capita annuity",2055,0.00818723254824156
"Education","2.High School Graduate","net per capita annuity",2055,-0.00212756404241346
"Education","3.Some College","net per capita annuity",2055,-0.00550745720686619
"Education","4.College Graduate","net per capita annuity",2055,-0.011422643209255
"Race Ethnicity","1.White","net per capita annuity",2055,-0.0101850545000626
"Race Ethnicity","2.Black","net per capita annuity",2055,0.0011622282145667
"Race Ethnicity","3.Hispanic","net per capita annuity",2055,0.000731045225586237
"Race Ethnicity","4.Other","net per capita annuity",2055,-0.00433893265143428
"Marital Status","Married","net per capita annuity",2055,-0.0302817771691185
"Marital Status","Widowed","net per capita annuity",2055,0.0221714466540505
"Marital Status","Divorced","net per capita annuity",2055,0.00663461872951623
"Marital Status","Single","net per capita annuity",2055,0.0195134539191606
"Shared Work Years","0-9","net per capita annuity",2055,0.0182486178007999
"Shared Work Years","10-14","net per capita annuity",2055,0.0445586581300462
"Shared Work Years","15-19","net per capita annuity",2055,-0.00372679951597114
"Shared Work Years","20-24","net per capita annuity",2055,-0.0214251834135138
"Shared Work Years","25-29","net per capita annuity",2055,-0.0244318850384738
"Shared Work Years","30-34","net per capita annuity",2055,-0.0188723648450863
"Shared Work Years","35-39","net per capita annuity",2055,-0.0122923004454111
"Shared Work Years","40+","net per capita annuity",2055,-0.00458338097463297
"Own Work Years","0-9","net per capita annuity",2055,-0.0382186092771974
"Own Work Years","10-14","net per capita annuity",2055,-0.0151636716716579
"Own Work Years","15-19","net per capita annuity",2055,-0.0118673195149743
"Own Work Years","20-24","net per capita annuity",2055,-0.0180516466049197
"Own Work Years","25-29","net per capita annuity",2055,-0.017120552167512
"Own Work Years","30-34","net per capita annuity",2055,-0.0166439299598698
"Own Work Years","35-39","net per capita annuity",2055,-0.00722173961483619
"Own Work Years","40+","net per capita annuity",2055,-0.00497694634138465
"Shared Income Quintile","bottom quintile","net per capita annuity",2055,0.10228746218254
"Shared Income Quintile","2nd quintile","net per capita annuity",2055,-0.0161359255980924
"Shared Income Quintile","3rd quintile","net per capita annuity",2055,-0.0134760144092706
"Shared Income Quintile","4th quintile","net per capita annuity",2055,-0.00996635225711286
"Shared Income Quintile","top quintile","net per capita annuity",2055,-0.00862057114464565
"Shared Lifetime Earnings Quintile","bottom quintile","net per capita annuity",2055,0.0545375663922803
"Shared Lifetime Earnings Quintile","2nd quintile","net per capita annuity",2055,-0.00047431547068541
"Shared Lifetime Earnings Quintile","3rd quintile","net per capita annuity",2055,-0.00306579893019042
"Shared Lifetime Earnings Quintile","4th quintile","net per capita annuity",2055,-0.00971599755805284
"Shared Lifetime Earnings Quintile","top quintile","net per capita annuity",2055,-0.0149997314754148
"Homeownership","Home Owner","net per capita annuity",2055,-0.0124311789803516
"Homeownership","Renter","net per capita annuity",2055,0.0276179882849579
"Family Income Relative to Official Poverty","1.Less 100% of Poverty","net per capita annuity",2055,-0.00242096615664467
"Family Income Relative to Official Poverty","2.100-199% of Poverty","net per capita annuity",2055,0.0173701587477357
"Family Income Relative to Official Poverty","3.200-399% of Poverty","net per capita annuity",2055,0.0183277979335455
"Family Income Relative to Official Poverty","4.400%+ of Poverty","net per capita annuity",2055,0.0038693765100132
"Per Capita Retirement Account Assets ($2015)","<0k","net per capita annuity",2055,-0.184088637816638
"Per Capita Retirement Account Assets ($2015)","0k -  5k","net per capita annuity",2055,-0.223523129198964
"Per Capita Retirement Account Assets ($2015)","5k - 25k","net per capita annuity",2055,-0.182756795226611
"Per Capita Retirement Account Assets ($2015)","25k +","net per capita annuity",2055,-0.101730938943408
"Per Capita Financial Assets ($2015)","<0k","net per capita annuity",2055,-0.0477409918403742
"Per Capita Financial Assets ($2015)","0k -  5k","net per capita annuity",2055,-0.0512560166924305
"Per Capita Financial Assets ($2015)","5k - 25k","net per capita annuity",2055,0.00517074515171641
"Per Capita Financial Assets ($2015)","25k +","net per capita annuity",2055,-0.0054444774952024
"Per Capita Financial + Retirement Account Assets ($2015)","<0k","net per capita annuity",2055,-0.181941453417195
"Per Capita Financial + Retirement Account Assets ($2015)","0k -  5k","net per capita annuity",2055,-0.190474561419648
"Per Capita Financial + Retirement Account Assets ($2015)","5k - 25k","net per capita annuity",2055,-0.14064941819265
"Per Capita Financial + Retirement Account Assets ($2015)","25k +","net per capita annuity",2055,-0.0463891291096011
"All","All","per capita annuity",2065,-0.00505251381178292
"Age","62-69","per capita annuity",2065,-0.0132755886127957
"Age","70-74","per capita annuity",2065,-0.00744444856825034
"Age","75-79","per capita annuity",2065,-0.00213542022632923
"Age","80-84","per capita annuity",2065,0.00197926655801816
"Age","85+","per capita annuity",2065,0.00938715741019202
"Sex","Female","per capita annuity",2065,-0.00356452590429022
"Sex","Male","per capita annuity",2065,-0.0066084468733539
"Education","1.High School Dropout","per capita annuity",2065,0.00610482737810898
"Education","2.High School Graduate","per capita annuity",2065,0.00144437984244998
"Education","3.Some College","per capita annuity",2065,-0.00322985998183265
"Education","4.College Graduate","per capita annuity",2065,-0.00927307997588643
"Race Ethnicity","1.White","per capita annuity",2065,-0.00738112263658519
"Race Ethnicity","2.Black","per capita annuity",2065,0.000534569554834972
"Race Ethnicity","3.Hispanic","per capita annuity",2065,-0.00058131187460126
"Race Ethnicity","4.Other","per capita annuity",2065,-0.00222002130798312
"Marital Status","Married","per capita annuity",2065,-0.0293305950046716
"Marital Status","Widowed","per capita annuity",2065,0.035661311465378
"Marital Status","Divorced","per capita annuity",2065,0.00728349531469244
"Marital Status","Single","per capita annuity",2065,0.0177318200558509
"Shared Work Years","0-9","per capita annuity",2065,0.0063677900220202
"Shared Work Years","10-14","per capita annuity",2065,0.032306265406758
"Shared Work Years","15-19","per capita annuity",2065,-0.00915257027483735
"Shared Work Years","20-24","per capita annuity",2065,-0.0218599548340194
"Shared Work Years","25-29","per capita annuity",2065,-0.0250771046113838
"Shared Work Years","30-34","per capita annuity",2065,-0.0199705329925602
"Shared Work Years","35-39","per capita annuity",2065,-0.0119920672535069
"Shared Work Years","40+","per capita annuity",2065,-0.000884925205222944
"Own Work Years","0-9","per capita annuity",2065,-0.0371670175050558
"Own Work Years","10-14","per capita annuity",2065,-0.0172378014815874
"Own Work Years","15-19","per capita annuity",2065,-0.0199550812918844
"Own Work Years","20-24","per capita annuity",2065,-0.0239053717181831
"Own Work Years","25-29","per capita annuity",2065,-0.0144240493606306
"Own Work Years","30-34","per capita annuity",2065,-0.0120558832639383
"Own Work Years","35-39","per capita annuity",2065,-0.00983118613833256
"Own Work Years","40+","per capita annuity",2065,-0.0013791682059239
"Shared Income Quintile","bottom quintile","per capita annuity",2065,0.0685162001317706
"Shared Income Quintile","2nd quintile","per capita annuity",2065,-0.0044867229873341
"Shared Income Quintile","3rd quintile","per capita annuity",2065,-0.00369574715849415
"Shared Income Quintile","4th quintile","per capita annuity",2065,-0.00748658369356513
"Shared Income Quintile","top quintile","per capita annuity",2065,-0.00895505431713952
"Shared Lifetime Earnings Quintile","bottom quintile","per capita annuity",2065,0.039502578550632
"Shared Lifetime Earnings Quintile","2nd quintile","per capita annuity",2065,0.00177491684684731
"Shared Lifetime Earnings Quintile","3rd quintile","per capita annuity",2065,0.00398545936190809
"Shared Lifetime Earnings Quintile","4th quintile","per capita annuity",2065,-0.00744030579058124
"Shared Lifetime Earnings Quintile","top quintile","per capita annuity",2065,-0.013373526720425
"Homeownership","Home Owner","per capita annuity",2065,-0.0100462654897159
"Homeownership","Renter","per capita annuity",2065,0.0261647622557631
"Family Income Relative to Official Poverty","1.Less 100% of Poverty","per capita annuity",2065,0.0122751173153615
"Family Income Relative to Official Poverty","2.100-199% of Poverty","per capita annuity",2065,0.041587373342052
"Family Income Relative to Official Poverty","3.200-399% of Poverty","per capita annuity",2065,0.0123774719724048
"Family Income Relative to Official Poverty","4.400%+ of Poverty","per capita annuity",2065,0.0015921378860664
"Per Capita Retirement Account Assets ($2015)","<0k","per capita annuity",2065,-0.14522531029764
"Per Capita Retirement Account Assets ($2015)","0k -  5k","per capita annuity",2065,-0.245833103816548
"Per Capita Retirement Account Assets ($2015)","5k - 25k","per capita annuity",2065,-0.193125247515348
"Per Capita Retirement Account Assets ($2015)","25k +","per capita annuity",2065,-0.107806823668546
"Per Capita Financial Assets ($2015)","<0k","per capita annuity",2065,-0.0260319774076159
"Per Capita Financial Assets ($2015)","0k -  5k","per capita annuity",2065,-0.0652346271002988
"Per Capita Financial Assets ($2015)","5k - 25k","per capita annuity",2065,0.00836917123617529
"Per Capita Financial Assets ($2015)","25k +","per capita annuity",2065,-0.00964778408286972
"Per Capita Financial + Retirement Account Assets ($2015)","<0k","per capita annuity",2065,-0.126937902451626
"Per Capita Financial + Retirement Account Assets ($2015)","0k -  5k","per capita annuity",2065,-0.168625877213264
"Per Capita Financial + Retirement Account Assets ($2015)","5k - 25k","per capita annuity",2065,-0.12715023443449
"Per Capita Financial + Retirement Account Assets ($2015)","25k +","per capita annuity",2065,-0.045483195560797
"All","All","per capita cash",2065,-0.0136395649625268
"Age","62-69","per capita cash",2065,-0.0387438196448872
"Age","70-74","per capita cash",2065,-0.00729560494142451
"Age","75-79","per capita cash",2065,-0.0000953786924211897
"Age","80-84","per capita cash",2065,0.00543855236072126
"Age","85+","per capita cash",2065,0.014554365171842
"Sex","Female","per capita cash",2065,-0.00786624549763852
"Sex","Male","per capita cash",2065,-0.0198650173320194
"Education","1.High School Dropout","per capita cash",2065,-0.000528789359923855
"Education","2.High School Graduate","per capita cash",2065,-0.00361494422990217
"Education","3.Some College","per capita cash",2065,-0.0116256734642703
"Education","4.College Graduate","per capita cash",2065,-0.020313285047194
"Race Ethnicity","1.White","per capita cash",2065,-0.0170660246748086
"Race Ethnicity","2.Black","per capita cash",2065,-0.00223007230090187
"Race Ethnicity","3.Hispanic","per capita cash",2065,-0.00688941437454244
"Race Ethnicity","4.Other","per capita cash",2065,-0.0161875529011187
"Marital Status","Married","per capita cash",2065,-0.0466984701114794
"Marital Status","Widowed","per capita cash",2065,0.0601820108928943
"Marital Status","Divorced","per capita cash",2065,-0.00298784696507939
"Marital Status","Single","per capita cash",2065,0.011033140511176
"Shared Work Years","0-9","per capita cash",2065,0.00638536842193077
"Shared Work Years","10-14","per capita cash",2065,0.0323172965591103
"Shared Work Years","15-19","per capita cash",2065,-0.0164557598324412
"Shared Work Years","20-24","per capita cash",2065,-0.0362135919176836
"Shared Work Years","25-29","per capita cash",2065,-0.0378232649749005
"Shared Work Years","30-34","per capita cash",2065,-0.0351364922083767
"Shared Work Years","35-39","per capita cash",2065,-0.0248765377756592
"Shared Work Years","40+","per capita cash",2065,-0.00748570147313809
"Own Work Years","0-9","per capita cash",2065,-0.048904036969371
"Own Work Years","10-14","per capita cash",2065,-0.0259595717918814
"Own Work Years","15-19","per capita cash",2065,-0.0269800172779069
"Own Work Years","20-24","per capita cash",2065,-0.0353528065583111
"Own Work Years","25-29","per capita cash",2065,-0.0256625455295448
"Own Work Years","30-34","per capita cash",2065,-0.0226275967482504
"Own Work Years","35-39","per capita cash",2065,-0.0229770094298092
"Own Work Years","40+","per capita cash",2065,-0.00865358848572106
"Shared Income Quintile","bottom quintile","per capita cash",2065,0.0852564696699919
"Shared Income Quintile","2nd quintile","per capita cash",2065,-0.011377446996497
"Shared Income Quintile","3rd quintile","per capita cash",2065,-0.0139035120093682
"Shared Income Quintile","4th quintile","per capita cash",2065,-0.013937214623773
"Shared Income Quintile","top quintile","per capita cash",2065,-0.0221408419174977
"Shared Lifetime Earnings Quintile","bottom quintile","per capita cash",2065,0.0429090072748623
"Shared Lifetime Earnings Quintile","2nd quintile","per capita cash",2065,-0.00308301422402968
"Shared Lifetime Earnings Quintile","3rd quintile","per capita cash",2065,-0.00322348429890872
"Shared Lifetime Earnings Quintile","4th quintile","per capita cash",2065,-0.0168786397573046
"Shared Lifetime Earnings Quintile","top quintile","per capita cash",2065,-0.0272604294039608
"Homeownership","Home Owner","per capita cash",2065,-0.0188485626557846
"Homeownership","Renter","per capita cash",2065,0.015164519221143
"Family Income Relative to Official Poverty","1.Less 100% of Poverty","per capita cash",2065,-0.148424546243834
"Family Income Relative to Official Poverty","2.100-199% of Poverty","per capita cash",2065,0.0264759197667434
"Family Income Relative to Official Poverty","3.200-399% of Poverty","per capita cash",2065,-0.00818986671167058
"Family Income Relative to Official Poverty","4.400%+ of Poverty","per capita cash",2065,-0.00476126310001661
"Per Capita Retirement Account Assets ($2015)","<0k","per capita cash",2065,-0.128739195392225
"Per Capita Retirement Account Assets ($2015)","0k -  5k","per capita cash",2065,-0.26310264892394
"Per Capita Retirement Account Assets ($2015)","5k - 25k","per capita cash",2065,-0.202469692950298
"Per Capita Retirement Account Assets ($2015)","25k +","per capita cash",2065,-0.110785357633499
"Per Capita Financial Assets ($2015)","<0k","per capita cash",2065,-0.0273929060228784
"Per Capita Financial Assets ($2015)","0k -  5k","per capita cash",2065,-0.0589385243471585
"Per Capita Financial Assets ($2015)","5k - 25k","per capita cash",2065,0.00338993754409205
"Per Capita Financial Assets ($2015)","25k +","per capita cash",2065,-0.0204678709782931
"Per Capita Financial + Retirement Account Assets ($2015)","<0k","per capita cash",2065,-0.117784764030947
"Per Capita Financial + Retirement Account Assets ($2015)","0k -  5k","per capita cash",2065,-0.148736926497131
"Per Capita Financial + Retirement Account Assets ($2015)","5k - 25k","per capita cash",2065,-0.129647476470641
"Per Capita Financial + Retirement Account Assets ($2015)","25k +","per capita cash",2065,-0.0485661642644797
"All","All","net per capita annuity",2065,-0.00543010043831785
"Age","62-69","net per capita annuity",2065,-0.0130545869886863
"Age","70-74","net per capita annuity",2065,-0.0102812929546631
"Age","75-79","net per capita annuity",2065,-0.00367594665393127
"Age","80-84","net per capita annuity",2065,0.0019851456429046
"Age","85+","net per capita annuity",2065,0.0100270602483869
"Sex","Female","net per capita annuity",2065,-0.00420374937220095
"Sex","Male","net per capita annuity",2065,-0.00670929001363939
"Education","1.High School Dropout","net per capita annuity",2065,0.00864184211597326
"Education","2.High School Graduate","net per capita annuity",2065,0.00147865165735774
"Education","3.Some College","net per capita annuity",2065,-0.00313150281757954
"Education","4.College Graduate","net per capita annuity",2065,-0.0100676567054499
"Race Ethnicity","1.White","net per capita annuity",2065,-0.00751785355492789
"Race Ethnicity","2.Black","net per capita annuity",2065,-0.00102790073349072
"Race Ethnicity","3.Hispanic","net per capita annuity",2065,-0.00139533403988739
"Race Ethnicity","4.Other","net per capita annuity",2065,-0.00186865969317451
"Marital Status","Married","net per capita annuity",2065,-0.0324888531696096
"Marital Status","Widowed","net per capita annuity",2065,0.0357935329830409
"Marital Status","Divorced","net per capita annuity",2065,0.00859655568701162
"Marital Status","Single","net per capita annuity",2065,0.0211585072507868
"Shared Work Years","0-9","net per capita annuity",2065,0.0143102428773693
"Shared Work Years","10-14","net per capita annuity",2065,0.0488045454518822
"Shared Work Years","15-19","net per capita annuity",2065,-0.00825454243324357
"Shared Work Years","20-24","net per capita annuity",2065,-0.0237154837015217
"Shared Work Years","25-29","net per capita annuity",2065,-0.0287965336969652
"Shared Work Years","30-34","net per capita annuity",2065,-0.0214299889640875
"Shared Work Years","35-39","net per capita annuity",2065,-0.0138208613434555
"Shared Work Years","40+","net per capita annuity",2065,-0.000860461020009813
"Own Work Years","0-9","net per capita annuity",2065,-0.0472659875320568
"Own Work Years","10-14","net per capita annuity",2065,-0.0170331716781194
"Own Work Years","15-19","net per capita annuity",2065,-0.0223191916743054
"Own Work Years","20-24","net per capita annuity",2065,-0.0254568519000242
"Own Work Years","25-29","net per capita annuity",2065,-0.0151837095812651
"Own Work Years","30-34","net per capita annuity",2065,-0.0127356339497895
"Own Work Years","35-39","net per capita annuity",2065,-0.00994122386945201
"Own Work Years","40+","net per capita annuity",2065,-0.00162674943781584
"Shared Income Quintile","bottom quintile","net per capita annuity",2065,0.118505706032646
"Shared Income Quintile","2nd quintile","net per capita annuity",2065,-0.00915921195678467
"Shared Income Quintile","3rd quintile","net per capita annuity",2065,-0.00594430472803179
"Shared Income Quintile","4th quintile","net per capita annuity",2065,-0.00880802396643008
"Shared Income Quintile","top quintile","net per capita annuity",2065,-0.00886895928354267
"Shared Lifetime Earnings Quintile","bottom quintile","net per capita annuity",2065,0.057037610149034
"Shared Lifetime Earnings Quintile","2nd quintile","net per capita annuity",2065,0.00236549037949288
"Shared Lifetime Earnings Quintile","3rd quintile","net per capita annuity",2065,0.00401295209877107
"Shared Lifetime Earnings Quintile","4th quintile","net per capita annuity",2065,-0.00920671086691863
"Shared Lifetime Earnings Quintile","top quintile","net per capita annuity",2065,-0.0145784333997967
"Homeownership","Home Owner","net per capita annuity",2065,-0.0114759597027266
"Homeownership","Renter","net per capita annuity",2065,0.0341336352835359
"Family Income Relative to Official Poverty","1.Less 100% of Poverty","net per capita annuity",2065,0.00890251021599534
"Family Income Relative to Official Poverty","2.100-199% of Poverty","net per capita annuity",2065,0.0561199886343649
"Family Income Relative to Official Poverty","3.200-399% of Poverty","net per capita annuity",2065,0.0128855882811003
"Family Income Relative to Official Poverty","4.400%+ of Poverty","net per capita annuity",2065,-0.000269017536860492
"Per Capita Retirement Account Assets ($2015)","<0k","net per capita annuity",2065,-0.170876113390336
"Per Capita Retirement Account Assets ($2015)","0k -  5k","net per capita annuity",2065,-0.266814781304905
"Per Capita Retirement Account Assets ($2015)","5k - 25k","net per capita annuity",2065,-0.208531597656785
"Per Capita Retirement Account Assets ($2015)","25k +","net per capita annuity",2065,-0.108048105950986
"Per Capita Financial Assets ($2015)","<0k","net per capita annuity",2065,-0.0522182037348888
"Per Capita Financial Assets ($2015)","0k -  5k","net per capita annuity",2065,-0.0698608099527231
"Per Capita Financial Assets ($2015)","5k - 25k","net per capita annuity",2065,0.0118098377440785
"Per Capita Financial Assets ($2015)","25k +","net per capita annuity",2065,-0.0105629237155319
"Per Capita Financial + Retirement Account Assets ($2015)","<0k","net per capita annuity",2065,-0.173547173693509
"Per Capita Financial + Retirement Account Assets ($2015)","0k -  5k","net per capita annuity",2065,-0.209180368230408
"Per Capita Financial + Retirement Account Assets ($2015)","5k - 25k","net per capita annuity",2065,-0.146330634568223
"Per Capita Financial + Retirement Account Assets ($2015)","25k +","net per capita annuity",2065,-0.0470966589036225
